{"coefs": {"Actually": -0.4272443503562189, "Adverb.Just": 0.008969758848357712, "Affirmation": 0.48478717304624414, "Apology": 0.47129288976565037, "By.The.Way": 0.7032017609770927, "Conj.Start": -0.09700679270404167, "Gratitude": 0.5794167043260272, "Greeting": 0.4682560299764772, "Hedges": 0.09333359790661835, "Indicative": 0.2461908116483416, "Please": -0.18208376297448495, "Subjunctive": 0.517375581736105, "Please.Start": -0.2088696526965267, "Swearing": -1.2995687206430528, "Filler": -0.24450549480703548, "For.You": 0.19676631448406204, "For.Me": 0.12754640242716142, "Reassurance": 0.6682643217184243}, "intercept": -0.0029510787266832927}