{"coefs": {"Actually": -0.39958752122564184, "Adverb.Just": -0.09733664110682594, "Affirmation": -0.10983282152085155, "Apology": -0.1980578971909959, "By.The.Way": 0.36428388231865705, "Conj.Start": -0.22488431102767364, "Gratitude": 0.6285864971752283, "Greeting": 0.4557020205871193, "Hedges": 0.18643497711609897, "Indicative": 0.7326680955961387, "Please": 0.3962552437581173, "Please.Start": -0.20488489664695417, "Subjunctive": 1.1019655188010744, "Swearing": -1.2995687206430528, "Filler": -0.24450549480703548, "For.You": 0.19676631448406204, "For.Me": 0.12754640242716142, "Reassurance": 0.6682643217184243}, "intercept": -0.07388039486261758}