{"coefs": {"Actually": -0.2832263741915894, "Adverb.Just": 0.06926703482339108, "Affirmation": -0.08968564618061908, "Apology": 0.36252514772196825, "By.The.Way": 0.3271172242009981, "Conj.Start": -0.12103532461519026, "Gratitude": 0.9641442769677369, "Greeting": 0.34658127900946856, "Hedges": 0.19394608324520143, "Indicative": 0.16329447927825197, "Please": 0.3801929220364721, "Please.Start": -0.1868875831331429, "Subjunctive": 0.2975215733648756, "Swearing": -1.2995687206430528, "Filler": -0.24450549480703548, "For.You": 0.19676631448406204, "For.Me": 0.12754640242716142, "Reassurance": 0.6682643217184243}, "intercept": 0.32713184568108655}