{"coefs": {"Actually": -0.1809345450007311, "Adverb.Just": -0.051587278531202485, "Affirmation": 0.01962061248775564, "Apology": 0.4618242279026127, "Conj.Start": -0.10555462458372519, "Gratitude": 1.3646460091928307, "Greeting": 0.2772513609007291, "Hedges": 0.020597458973574928, "Indicative": 0.13268608379963656, "Please": 0.6782324248021615, "Subjunctive": 0.1725591271773133, "Please.Start": -0.2088696526965267, "Swearing": -1.2995687206430528, "Filler": -0.24450549480703548, "For.You": 0.19676631448406204, "For.Me": 0.12754640242716142, "By.The.Way": 0.33073420981106394, "Reassurance": 0.6682643217184243}, "intercept": -0.1404853624051975}