{"coefs": {"Actually": -0.35832310780678395, "Adverb.Just": -0.003919148991569088, "Affirmation": 0.17106202210309893, "Apology": 0.4294026792755307, "By.The.Way": 0.33073420981106394, "Conj.Start": -0.2449076077632873, "Filler": -0.24450549480703548, "For.Me": 0.12754640242716142, "For.You": 0.19676631448406204, "Gratitude": 0.9891183440757589, "Greeting": 0.49055689805230834, "Hedges": 0.1310668053348257, "Indicative": 0.22110648465666793, "Please": 0.22987732522609228, "Please.Start": -0.2088696526965267, "Reassurance": 0.6682643217184243, "Subjunctive": 0.4540683006967976, "Swearing": -1.2995687206430528}, "intercept": 0.10544430163739996}