{"coefs": {"Actually": -0.24260355807084202, "Adverb.Just": 0.017113133159772198, "Affirmation": -0.06894141673246988, "Apology": 0.3438126820519547, "Conj.Start": -0.17020460034979856, "Gratitude": 0.5595735024070261, "Greeting": 0.21183959892892693, "Hedges": 0.0827343044676478, "Indicative": 0.11599040968729207, "Please": 0.23782766734875077, "Subjunctive": 0.12683499041477697, "Please.Start": -0.2088696526965267, "Swearing": -1.2995687206430528, "Filler": -0.24450549480703548, "For.You": 0.19676631448406204, "For.Me": 0.12754640242716142, "By.The.Way": 0.33073420981106394, "Reassurance": 0.6682643217184243}, "intercept": 0.24786170211228503}